x1,y1,z1,x2,y2,z2
-0.238359387,0.2313310395,0.04076902884,[Horizons] MAJOR BODY #C(500@10)_T(199) (1/1),BIG,0
0.2582857697,-5.234243189,0.01596192457,[Horizons] MAJOR BODY #C(500@10)_T(5) (1/1),BIG,0
-1.554012889,-0.4753041011,0.02816902289,[Horizons] MAJOR BODY #C(500@10)_T(4) (1/1),BIG,0
16.30718187,11.26939844,-0.1693482908,[Horizons] MAJOR BODY #C(500@10)_T(7) (1/1),BIG,0
0.4458635535,0.8805961239,-0.00004148701643,[Horizons] MAJOR BODY #C(500@10)_T(3) (1/1),BIG,0
3.621445306,-9.361792767,0.01860908362,[Horizons] MAJOR BODY #C(500@10)_T(6) (1/1),BIG,0
3.634327404,-0.9468988793,0.1372154115,[Horizons] SMALL BODY #C(500@10)_T(499 Venusia (A902 YE)) (1/1),SMALL,0
0.4385387874,-0.5803734005,-0.03327033834,[Horizons] MAJOR BODY #C(500@10)_T(299) (1/1),BIG,0
-3.326937479,1.141788108,0.1265361014,[Horizons] SMALL BODY #C(500@10)_T(497 Iva (A902 VB)) (1/1),SMALL,0
29.21902952,-6.478304987,-0.5400620012,[Horizons] MAJOR BODY #C(500@10)_T(8) (1/1),BIG,0
-0.389135085,2.798271782,0.00581720733,[Horizons] SMALL BODY #C(500@10)_T(498 Tokio (A902 XA)) (1/1),SMALL,0
2.160691639,0.4207638131,0.04160897297,[Horizons] SMALL BODY #C(500@10)_T(496 Gryphia (A902 UM)) (1/1),SMALL,0
1.757506118,-1.504418938,0.1970422386,[Horizons] SMALL BODY #C(500@10)_T(500 Selinur (A903 BJ)) (1/1),SMALL,0
2.022026786,-1.119824534,0.05325860406,[Horizons] SMALL BODY #C(500@10)_T(495 Eulalia (A902 UL)) (1/1),SMALL,0
0.1615185971,-2.782931245,-0.2840747885,[Horizons] SMALL BODY #C(500@10)_T(494 Virtus (A902 TF)) (1/1),SMALL,0
-1.324144505,-3.010538304,0.4978193564,[Horizons] SMALL BODY #C(500@10)_T(490 Veritas (A902 RE)) (1/1),SMALL,0
-3.228124138,-1.05719826,0.4483556067,[Horizons] SMALL BODY #C(500@10)_T(491 Carina (A902 RG)) (1/1),SMALL,0
-1.103701712,2.527691961,0.6709009935,[Horizons] SMALL BODY #C(500@10)_T(493 Griseldis (A902 RH)) (1/1),SMALL,0
-1.881121303,2.938894867,0.09582257528,[Horizons] SMALL BODY #C(500@10)_T(492 Gismonda (A902 RF)) (1/1),SMALL,0
-2.256187907,-1.372133628,0.5829224235,[Horizons] SMALL BODY #C(500@10)_T(484 Pittsburghia (A902 HA)) (1/1),SMALL,0
-2.149707424,-1.896760487,0.3969903171,[Horizons] SMALL BODY #C(500@10)_T(488 Kreusa (A902 MC)) (1/1),SMALL,0
0.8504339688,2.507277245,-0.2024705882,[Horizons] SMALL BODY #C(500@10)_T(486 Cremona (A902 JD)) (1/1),SMALL,0
-0.241312867,-2.788821229,0.2509782465,[Horizons] SMALL BODY #C(500@10)_T(487 Venetia (A902 NC)) (1/1),SMALL,0
-1.624833016,1.51791367,-0.4576025409,[Horizons] SMALL BODY #C(500@10)_T(485 Genua (A902 JC)) (1/1),SMALL,0
2.447125494,-2.133023979,0.3490900442,[Horizons] SMALL BODY #C(500@10)_T(489 Comacina (A902 RD)) (1/1),SMALL,0
-1.049567694,2.217753847,0.3192930502,[Horizons] SMALL BODY #C(500@10)_T(481 Emita (A902 CB)) (1/1),SMALL,0
-0.1475392023,2.453500278,-0.5669306702,[Horizons] SMALL BODY #C(500@10)_T(480 Hansa (A901 KB)) (1/1),SMALL,0
1.255132126,2.924797289,-0.7581390559,[Horizons] SMALL BODY #C(500@10)_T(482 Petrina (A902 EH)) (1/1),SMALL,0
3.147073304,0.8571249171,-0.4022950875,[Horizons] SMALL BODY #C(500@10)_T(483 Seppina (A902 EJ)) (1/1),SMALL,0
-2.100687076,-2.275858439,-0.08351522034,[Horizons] SMALL BODY #C(500@10)_T(478 Tergeste (A901 SC)) (1/1),SMALL,0
-2.982347214,0.2659768865,0.2870272198,[Horizons] SMALL BODY #C(500@10)_T(479 Caprera (A901 VK)) (1/1),SMALL,0
-2.597908729,1.207365415,0.1542891265,[Horizons] SMALL BODY #C(500@10)_T(477 Italia (A901 QC)) (1/1),SMALL,0
-1.373189612,2.481041274,-0.1196302854,[Horizons] SMALL BODY #C(500@10)_T(476 Hedwig (A901 QB)) (1/1),SMALL,0
0.3059573002,-2.833934377,-0.5417928252,[Horizons] SMALL BODY #C(500@10)_T(473 Nolli (A901 CB)) (1/1),SMALL,0
1.410001928,-2.412158147,-0.4458120295,[Horizons] SMALL BODY #C(500@10)_T(471 Papagena (A901 LA)) (1/1),SMALL,0
-1.897881749,2.260257167,-0.2405027132,[Horizons] SMALL BODY #C(500@10)_T(474 Prudentia (A901 CC)) (1/1),SMALL,0
-1.294204783,2.598792644,0.986834879,[Horizons] SMALL BODY #C(500@10)_T(475 Ocllo (A901 PA)) (1/1),SMALL,0
2.350685564,0.04510103919,-0.5388183808,[Horizons] SMALL BODY #C(500@10)_T(472 Roma (A901 NA)) (1/1),SMALL,0
-2.634299399,-0.3576606143,-0.3072963652,[Horizons] SMALL BODY #C(500@10)_T(469 Argentina (A901 DC)) (1/1),SMALL,0
-2.637343358,-2.276381684,-0.008812681059,[Horizons] SMALL BODY #C(500@10)_T(468 Lina (A901 BC)) (1/1),SMALL,0
-1.516969929,1.832901972,-0.2081054857,[Horizons] SMALL BODY #C(500@10)_T(470 Kilia (A901 HC)) (1/1),SMALL,0
0.8392224533,-3.005619372,-0.2097799633,[Horizons] SMALL BODY #C(500@10)_T(467 Laura (A901 AA)) (1/1),SMALL,0
-2.208614499,-1.959329821,-0.9570793447,[Horizons] SMALL BODY #C(500@10)_T(466 Tisiphone (A901 BB)) (1/1),SMALL,0
-3.1173372,-0.1047493438,0.1692838894,[Horizons] SMALL BODY #C(500@10)_T(462 Eriphyla (A900 UJ)) (1/1),SMALL,0
0.7624316981,3.495008209,0.1979236449,[Horizons] SMALL BODY #C(500@10)_T(465 Alekto (A901 AC)) (1/1),SMALL,0
-1.208008352,2.628191594,-0.6775533317,[Horizons] SMALL BODY #C(500@10)_T(456 Abnoba (A900 LA)) (1/1),SMALL,0
0.9812067296,1.766892913,0.2013475358,[Horizons] SMALL BODY #C(500@10)_T(463 Lola (A900 UK)) (1/1),SMALL,0
-2.9746657,-1.325535288,0.5721637025,[Horizons] SMALL BODY #C(500@10)_T(464 Megaira (A901 AB)) (1/1),SMALL,0
2.349534908,0.2659350229,-0.4201464054,[Horizons] SMALL BODY #C(500@10)_T(458 Hercynia (A900 SD)) (1/1),SMALL,0
-2.09645968,-2.050836082,0.07802499646,[Horizons] SMALL BODY #C(500@10)_T(460 Scania (A900 UF)) (1/1),SMALL,0
0.8167460063,1.906532641,0.2285454805,[Horizons] SMALL BODY #C(500@10)_T(459 Signe (A900 UH)) (1/1),SMALL,0
2.2151863,-1.473221312,0.5970587351,[Horizons] SMALL BODY #C(500@10)_T(457 Alleghenia (A900 RA)) (1/1),SMALL,0
-1.427474131,-1.875188545,-0.0906923355,[Horizons] SMALL BODY #C(500@10)_T(454 Mathesis (A900 FB)) (1/1),SMALL,0
-1.926427157,-0.4872542502,-0.008367464415,[Horizons] SMALL BODY #C(500@10)_T(453 Tea (A900 DD)) (1/1),SMALL,0
-2.596900467,1.935644159,0.6354256724,[Horizons] SMALL BODY #C(500@10)_T(455 Bruchsalia (A900 KC)) (1/1),SMALL,0
0.8166635409,-3.47625754,0.07336115277,[Horizons] SMALL BODY #C(500@10)_T(461 Saskia (A900 UG)) (1/1),SMALL,0
-1.916072208,-1.503052081,0.09723397833,[Horizons] SMALL BODY #C(500@10)_T(449 Hamburga (A899 UE)) (1/1),SMALL,0
1.468878085,2.442276483,-0.08862322787,[Horizons] SMALL BODY #C(500@10)_T(452 Hamiltonia (A899 XB)) (1/1),SMALL,0
-2.610090445,-1.80149747,0.7045153603,[Horizons] SMALL BODY #C(500@10)_T(451 Patientia (A899 XA)) (1/1),SMALL,0
2.723709342,0.1146796935,-0.1009862344,[Horizons] SMALL BODY #C(500@10)_T(450 Brigitta (A899 VB)) (1/1),SMALL,0
-3.285454804,-1.085014026,0.2544311354,[Horizons] SMALL BODY #C(500@10)_T(448 Natalie (A899 UC)) (1/1),SMALL,0
0.8376460347,2.55314065,0.6762129962,[Horizons] SMALL BODY #C(500@10)_T(445 Edna (A899 TC)) (1/1),SMALL,0
1.067230682,-2.173680446,-0.4365464317,[Horizons] SMALL BODY #C(500@10)_T(446 Aeternitas (A899 UB)) (1/1),SMALL,0
-1.902138186,2.302147923,0.2117857073,[Horizons] SMALL BODY #C(500@10)_T(447 Valentine (A899 UD)) (1/1),SMALL,0
2.224077722,0.5553784198,-0.054153922,[Horizons] SMALL BODY #C(500@10)_T(443 Photographica (A899 DA)) (1/1),SMALL,0
-1.332916484,-2.480766665,0.3674733264,[Horizons] SMALL BODY #C(500@10)_T(444 Gyptis (A899 FA)) (1/1),SMALL,0
2.086415322,-1.148488421,0.04189627275,[Horizons] SMALL BODY #C(500@10)_T(440 Theodora (A898 TB)) (1/1),SMALL,0
2.651448285,-1.612509968,0.8570212286,[Horizons] SMALL BODY #C(500@10)_T(439 Ohio (A898 TA)) (1/1),SMALL,0
2.319588867,0.9059182528,-0.2427139931,[Horizons] SMALL BODY #C(500@10)_T(442 Eichsfeldia (A899 CA)) (1/1),SMALL,0
2.503931133,-1.463846645,0.4037779552,[Horizons] SMALL BODY #C(500@10)_T(441 Bathilde (A898 XA)) (1/1),SMALL,0
-2.51370423,-1.163578635,-0.002546491078,[Horizons] SMALL BODY #C(500@10)_T(435 Ella (A898 RA)) (1/1),SMALL,0
0.3761783528,-2.3461106,-0.2353162928,[Horizons] SMALL BODY #C(500@10)_T(438 Zeuxo (A898 VG)) (1/1),SMALL,0
-1.1001338,-1.391410045,0.6118567585,[Horizons] SMALL BODY #C(500@10)_T(434 Hungaria (A898 RB)) (1/1),SMALL,0
1.119802641,2.642827511,0.9308677517,[Horizons] SMALL BODY #C(500@10)_T(436 Patricia (A898 RC)) (1/1),SMALL,0
-0.2910389865,-1.992638267,-0.0068962311,[Horizons] SMALL BODY #C(500@10)_T(437 Rhodia (A898 OA)) (1/1),SMALL,0
0.7354038136,-1.616674697,-0.0580591056,[Horizons] SMALL BODY #C(500@10)_T(433 Eros (A898 PA)) (1/1),SMALL,0
-1.878221949,-3.003742938,-0.1831349789,[Horizons] SMALL BODY #C(500@10)_T(430 Hybris (A897 YA)) (1/1),SMALL,0
-1.418236443,-1.486882195,0.2975783448,[Horizons] SMALL BODY #C(500@10)_T(432 Pythia (A897 YC)) (1/1),SMALL,0
0.6471522329,3.113443538,-0.06376138373,[Horizons] SMALL BODY #C(500@10)_T(431 Nephele (A897 YB)) (1/1),SMALL,0
2.118190222,-2.270058546,0.03255826602,[Horizons] SMALL BODY #C(500@10)_T(426 Hippo (A897 RA)) (1/1),SMALL,0
-0.27036886,-2.681067466,-0.1321432658,[Horizons] SMALL BODY #C(500@10)_T(427 Galene (A897 RB)) (1/1),SMALL,0
-1.640013008,2.243198153,0.1783492056,[Horizons] SMALL BODY #C(500@10)_T(425 Cornelia (A896 YC)) (1/1),SMALL,0
1.643812156,1.602064846,-0.02906847353,[Horizons] SMALL BODY #C(500@10)_T(429 Lotis (A897 WB)) (1/1),SMALL,0
1.619385923,0.8791353539,0.05361994728,[Horizons] SMALL BODY #C(500@10)_T(422 Berolina (A896 TA)) (1/1),SMALL,0
1.687717786,-1.24830297,-0.1843023374,[Horizons] SMALL BODY #C(500@10)_T(428 Monachia (A897 WA)) (1/1),SMALL,0
2.961885061,0.7334170919,-0.49974338,[Horizons] SMALL BODY #C(500@10)_T(423 Diotima (A896 XA)) (1/1),SMALL,0
1.819206964,-2.270800922,-0.2073561091,[Horizons] SMALL BODY #C(500@10)_T(424 Gratia (A896 YD)) (1/1),SMALL,0
-3.082350305,-0.5356687466,0.01841909313,[Horizons] SMALL BODY #C(500@10)_T(421 Zahringia (A896 RE)) (1/1),SMALL,0
3.131738598,-0.3901184364,0.1647444997,[Horizons] SMALL BODY #C(500@10)_T(417 Suevia (A896 JB)) (1/1),SMALL,0
-1.608787405,2.678622995,-0.2037993985,[Horizons] SMALL BODY #C(500@10)_T(419 Aurelia (A896 RF)) (1/1),SMALL,0
-2.867906575,0.0535268836,-0.3220705519,[Horizons] SMALL BODY #C(500@10)_T(418 Alemannia (A896 RD)) (1/1),SMALL,0
-3.286561274,0.532622238,-0.3710561577,[Horizons] SMALL BODY #C(500@10)_T(420 Bertholda (A896 RC)) (1/1),SMALL,0
0.2635280591,-2.890781593,-0.04013503658,[Horizons] SMALL BODY #C(500@10)_T(311 Claudia) (1/1),SMALL,0
-1.218260225,-2.217917805,0.02903529059,[Horizons] SMALL BODY #C(500@10)_T(310 Margarita) (1/1),SMALL,0
-0.1026288709,-2.64139799,0.2010420074,[Horizons] SMALL BODY #C(500@10)_T(308 Polyxo) (1/1),SMALL,0
1.212088671,2.488756342,0.1660224789,[Horizons] SMALL BODY #C(500@10)_T(309 Fraternitas) (1/1),SMALL,0
-2.565769756,-0.5261949004,-0.03868190407,[Horizons] SMALL BODY #C(500@10)_T(312 Pierretta) (1/1),SMALL,0
1.905062788,0.3030789119,-0.2738797577,[Horizons] SMALL BODY #C(500@10)_T(304 Olga) (1/1),SMALL,0
-0.6576296632,-3.195046983,-0.3916213246,[Horizons] SMALL BODY #C(500@10)_T(303 Josephina) (1/1),SMALL,0
-1.792176785,2.00524778,0.1479406205,[Horizons] SMALL BODY #C(500@10)_T(307 Nike) (1/1),SMALL,0
3.220677037,-0.522513101,0.1517238019,[Horizons] SMALL BODY #C(500@10)_T(305 Gordonia) (1/1),SMALL,0
1.998254646,0.9364660361,-0.2516410859,[Horizons] SMALL BODY #C(500@10)_T(306 Unitas) (1/1),SMALL,0
2.032884996,1.040922554,0.0361543505,[Horizons] SMALL BODY #C(500@10)_T(299 Thora) (1/1),SMALL,0
-1.934322141,1.531692836,0.6782630027,[Horizons] SMALL BODY #C(500@10)_T(293 Brasilia) (1/1),SMALL,0
-1.425587741,-2.257057731,-0.1217351907,[Horizons] SMALL BODY #C(500@10)_T(302 Clarissa) (1/1),SMALL,0
0.9941020611,-2.354964593,0.1075548508,[Horizons] SMALL BODY #C(500@10)_T(301 Bavaria) (1/1),SMALL,0
-3.339765597,0.5146858634,0.03373967299,[Horizons] SMALL BODY #C(500@10)_T(300 Geraldina) (1/1),SMALL,0
-0.08373626589,-2.271472063,0.03845758394,[Horizons] SMALL BODY #C(500@10)_T(296 Phaetusa) (1/1),SMALL,0
0.7673768263,-2.680620701,-0.2654884122,[Horizons] SMALL BODY #C(500@10)_T(297 Caecilia) (1/1),SMALL,0
-2.025331564,-2.549220617,-0.1079634447,[Horizons] SMALL BODY #C(500@10)_T(295 Theresia) (1/1),SMALL,0
1.690072968,2.499457578,-0.3259519184,[Horizons] SMALL BODY #C(500@10)_T(294 Felicia) (1/1),SMALL,0
2.325594391,-0.8225656841,-0.1260452759,[Horizons] SMALL BODY #C(500@10)_T(298 Baptistina) (1/1),SMALL,0
0.8759628272,-2.223098098,-0.5889469039,[Horizons] SMALL BODY #C(500@10)_T(292 Ludovica) (1/1),SMALL,0
0.1910424684,-2.653320756,-1.085372807,[Horizons] SMALL BODY #C(500@10)_T(290 Bruna) (1/1),SMALL,0
1.58984232,-2.239442559,-0.01913675565,[Horizons] SMALL BODY #C(500@10)_T(288 Glauke) (1/1),SMALL,0
-0.4660819459,-2.278122224,0.07479704616,[Horizons] SMALL BODY #C(500@10)_T(291 Alice) (1/1),SMALL,0
1.936012133,-1.501590366,0.1480891445,[Horizons] SMALL BODY #C(500@10)_T(285 Regina) (1/1),SMALL,0
2.303840394,-0.2400734397,0.03726339718,[Horizons] SMALL BODY #C(500@10)_T(289 Nenetta) (1/1),SMALL,0
2.344886773,0.1041645145,-0.268195766,[Horizons] SMALL BODY #C(500@10)_T(287 Nephthys) (1/1),SMALL,0
-0.578978825,-3.019664452,0.9324484558,[Horizons] SMALL BODY #C(500@10)_T(286 Iclea) (1/1),SMALL,0
2.735136814,0.8451370134,0.04752015906,[Horizons] SMALL BODY #C(500@10)_T(280 Philia) (1/1),SMALL,0
1.951777659,-1.422081308,0.006456467783,[Horizons] SMALL BODY #C(500@10)_T(282 Clorinde) (1/1),SMALL,0
-0.8092891321,-1.766156655,0.05562412462,[Horizons] SMALL BODY #C(500@10)_T(284 Amalia) (1/1),SMALL,0
2.525331483,-0.6440576386,0.2437607906,[Horizons] SMALL BODY #C(500@10)_T(283 Emma) (1/1),SMALL,0
-1.855131957,-1.637873294,-0.04001970443,[Horizons] SMALL BODY #C(500@10)_T(281 Lucretia) (1/1),SMALL,0
-1.77807872,1.837347099,0.3339564682,[Horizons] SMALL BODY #C(500@10)_T(278 Paulina) (1/1),SMALL,0
2.719557455,-3.487961877,-0.1495033953,[Horizons] SMALL BODY #C(500@10)_T(279 Thule) (1/1),SMALL,0
-2.997211543,0.8694785644,-0.05848955321,[Horizons] SMALL BODY #C(500@10)_T(277 Elvira) (1/1),SMALL,0
-2.968237385,-0.3724319627,-0.4821479282,[Horizons] SMALL BODY #C(500@10)_T(276 Adelheid) (1/1),SMALL,0
3.157747977,0.4845295519,-0.2172309713,[Horizons] SMALL BODY #C(500@10)_T(275 Sapientia) (1/1),SMALL,0
-2.914292878,1.211126708,-0.007107995054,[Horizons] SMALL BODY #C(500@10)_T(271 Penthesilea) (1/1),SMALL,0
-1.010456641,2.91685429,0.05572742323,[Horizons] SMALL BODY #C(500@10)_T(274 Philagoria) (1/1),SMALL,0
2.118711564,1.063199155,-0.6540057593,[Horizons] SMALL BODY #C(500@10)_T(273 Atropos) (1/1),SMALL,0
1.683164264,-2.289595512,-0.2202314096,[Horizons] SMALL BODY #C(500@10)_T(272 Antonia) (1/1),SMALL,0
3.491848489,-0.2137154773,-0.1230823048,[Horizons] SMALL BODY #C(500@10)_T(268 Adorea) (1/1),SMALL,0
-1.861929422,2.309868037,0.2559559853,[Horizons] SMALL BODY #C(500@10)_T(267 Tirza) (1/1),SMALL,0
-2.411051639,-0.4270936261,-0.09125720058,[Horizons] SMALL BODY #C(500@10)_T(270 Anahita) (1/1),SMALL,0
1.015238566,2.906062773,-0.2944383034,[Horizons] SMALL BODY #C(500@10)_T(269 Justitia) (1/1),SMALL,0
1.871118534,-1.701919712,0.5965403524,[Horizons] SMALL BODY #C(500@10)_T(266 Aline) (1/1),SMALL,0
0.9481895661,-1.724999962,-0.5652188741,[Horizons] SMALL BODY #C(500@10)_T(265 Anna) (1/1),SMALL,0
-3.087940782,-0.4363342101,0.3806163083,[Horizons] SMALL BODY #C(500@10)_T(264 Libussa) (1/1),SMALL,0
0.04287697718,2.795561702,-0.05143317272,[Horizons] SMALL BODY #C(500@10)_T(263 Dresda) (1/1),SMALL,0
-2.121258982,0.1348333127,0.1329038941,[Horizons] SMALL BODY #C(500@10)_T(261 Prymno) (1/1),SMALL,0
-0.6269168184,-2.994451329,-0.2634993075,[Horizons] SMALL BODY #C(500@10)_T(262 Valda) (1/1),SMALL,0
-0.8239548535,-2.599177053,0.1299095091,[Horizons] SMALL BODY #C(500@10)_T(259 Aletheia) (1/1),SMALL,0
0.1049860201,-3.286199586,0.3534284008,[Horizons] SMALL BODY #C(500@10)_T(260 Huberta) (1/1),SMALL,0
0.1697801151,3.065411981,-0.7229955317,[Horizons] SMALL BODY #C(500@10)_T(256 Walpurga) (1/1),SMALL,0
-0.704260972,2.451484255,-0.6380207669,[Horizons] SMALL BODY #C(500@10)_T(258 Tyche) (1/1),SMALL,0
1.552487159,-2.908358237,-0.2069819252,[Horizons] SMALL BODY #C(500@10)_T(257 Silesia) (1/1),SMALL,0
2.749772162,-1.048436103,0.3539900248,[Horizons] SMALL BODY #C(500@10)_T(252 Clementina) (1/1),SMALL,0
-0.7591062482,-1.776414461,-0.09469468521,[Horizons] SMALL BODY #C(500@10)_T(254 Augusta) (1/1),SMALL,0
2.687115772,-1.192374324,-0.2985042559,[Horizons] SMALL BODY #C(500@10)_T(255 Oppavia) (1/1),SMALL,0
-0.18838765,2.769762707,-0.327066387,[Horizons] SMALL BODY #C(500@10)_T(253 Mathilde) (1/1),SMALL,0
2.672277876,-0.2842696985,-0.1515662348,[Horizons] SMALL BODY #C(500@10)_T(246 Asporina) (1/1),SMALL,0
-2.631684503,-1.134958738,-0.3644963438,[Horizons] SMALL BODY #C(500@10)_T(249 Ilse) (1/1),SMALL,0
3.164935428,-0.1704764443,-0.3264282343,[Horizons] SMALL BODY #C(500@10)_T(250 Bettina) (1/1),SMALL,0
2.013751371,0.6735814663,0.3124249965,[Horizons] SMALL BODY #C(500@10)_T(247 Eukrate) (1/1),SMALL,0
-1.411209063,-3.013978795,0.6171075725,[Horizons] SMALL BODY #C(500@10)_T(251 Sophia) (1/1),SMALL,0
-0.7112481475,2.510673714,-0.1166529129,[Horizons] SMALL BODY #C(500@10)_T(248 Lameia) (1/1),SMALL,0
2.830038482,-0.2185765138,0.02963430245,[Horizons] SMALL BODY #C(500@10)_T(243 Ida) (1/1),SMALL,0
2.548264965,-0.02293712706,-0.2031374836,[Horizons] SMALL BODY #C(500@10)_T(245 Vera) (1/1),SMALL,0
0.04625003952,2.050614467,-0.08804399239,[Horizons] SMALL BODY #C(500@10)_T(244 Sita) (1/1),SMALL,0
3.037712507,-0.3120027443,0.3318637612,[Horizons] SMALL BODY #C(500@10)_T(242 Kriemhild) (1/1),SMALL,0
2.096398079,0.6445061167,-0.07985349722,[Horizons] SMALL BODY #C(500@10)_T(240 Vanadis) (1/1),SMALL,0
-3.134858606,1.055425018,-0.1178493389,[Horizons] SMALL BODY #C(500@10)_T(239 Adrastea) (1/1),SMALL,0
-2.519735477,2.131945098,-0.2416051381,[Horizons] SMALL BODY #C(500@10)_T(241 Germania) (1/1),SMALL,0
-0.2117357166,2.686913194,-0.5930684747,[Horizons] SMALL BODY #C(500@10)_T(238 Hypatia) (1/1),SMALL,0
-3.296299039,-0.4378669443,0.01347903113,[Horizons] SMALL BODY #C(500@10)_T(236 Honoria) (1/1),SMALL,0
2.67696473,-0.7410384625,-0.4366531203,[Horizons] SMALL BODY #C(500@10)_T(235 Carolina) (1/1),SMALL,0
1.103086116,-1.478906026,0.154970025,[Horizons] SMALL BODY #C(500@10)_T(234 Barbara) (1/1),SMALL,0
0.4825851087,2.901046863,-0.03251784408,[Horizons] SMALL BODY #C(500@10)_T(237 Coelestina) (1/1),SMALL,0
-2.226592359,2.180211847,0.1591529004,[Horizons] SMALL BODY #C(500@10)_T(231 Vindobona) (1/1),SMALL,0
2.941742943,0.01601650301,-0.1472487235,[Horizons] SMALL BODY #C(500@10)_T(232 Russia) (1/1),SMALL,0
-0.6839156338,2.247484801,-0.2863284743,[Horizons] SMALL BODY #C(500@10)_T(230 Athamantis) (1/1),SMALL,0
-2.216325802,-2.716255639,-0.04918018585,[Horizons] SMALL BODY #C(500@10)_T(229 Adelinda) (1/1),SMALL,0
1.587023944,1.957976567,-0.05323785755,[Horizons] SMALL BODY #C(500@10)_T(233 Asterope) (1/1),SMALL,0
1.583884766,-0.5375695003,0.03473353353,[Horizons] SMALL BODY #C(500@10)_T(228 Agathe) (1/1),SMALL,0
0.6067078533,-2.273384133,0.8956469834,[Horizons] SMALL BODY #C(500@10)_T(225 Henrietta) (1/1),SMALL,0
-2.219204889,2.21637282,0.0978970735,[Horizons] SMALL BODY #C(500@10)_T(227 Philosophia) (1/1),SMALL,0
-2.579296339,-0.5182666852,-0.08570401794,[Horizons] SMALL BODY #C(500@10)_T(224 Oceana) (1/1),SMALL,0
-2.618381455,-0.3215421751,0.5953240581,[Horizons] SMALL BODY #C(500@10)_T(226 Weringia) (1/1),SMALL,0
-2.825744726,-0.1475541516,-0.1662023087,[Horizons] SMALL BODY #C(500@10)_T(219 Thusnelda) (1/1),SMALL,0
-0.5964731974,3.477875232,0.04440614027,[Horizons] SMALL BODY #C(500@10)_T(222 Lucia) (1/1),SMALL,0
-0.6322705215,2.521263161,-0.1529766979,[Horizons] SMALL BODY #C(500@10)_T(220 Stephania) (1/1),SMALL,0
-0.4947627797,-2.817530354,0.4842936692,[Horizons] SMALL BODY #C(500@10)_T(221 Eos) (1/1),SMALL,0
0.6576882245,-3.390582415,-0.09296137729,[Horizons] SMALL BODY #C(500@10)_T(223 Rosa) (1/1),SMALL,0
2.335156707,-1.299861267,-0.06349550166,[Horizons] SMALL BODY #C(500@10)_T(215 Oenone) (1/1),SMALL,0
-3.4582989,0.618158887,0.08283312571,[Horizons] SMALL BODY #C(500@10)_T(217 Eudora) (1/1),SMALL,0
2.360784875,-1.238778995,0.2270066021,[Horizons] SMALL BODY #C(500@10)_T(218 Bianca) (1/1),SMALL,0
-3.162335191,0.3288049152,-0.4887037482,[Horizons] SMALL BODY #C(500@10)_T(216 Kleopatra) (1/1),SMALL,0
-2.317550711,-1.204461116,-0.1118174771,[Horizons] SMALL BODY #C(500@10)_T(214 Aschera) (1/1),SMALL,0
-2.723487245,-1.978645162,-0.1689539167,[Horizons] SMALL BODY #C(500@10)_T(211 Isolda) (1/1),SMALL,0
2.155125554,1.887466128,-0.3372863757,[Horizons] SMALL BODY #C(500@10)_T(213 Lilaea) (1/1),SMALL,0
1.832420364,2.746737573,0.3428045478,[Horizons] SMALL BODY #C(500@10)_T(209 Dido) (1/1),SMALL,0
1.099090398,-3.102579625,-0.09781632401,[Horizons] SMALL BODY #C(500@10)_T(212 Medea) (1/1),SMALL,0
-1.302229148,2.222162137,0.2369234771,[Horizons] SMALL BODY #C(500@10)_T(210 Isabella) (1/1),SMALL,0
-0.9506016301,-2.006382754,-0.08558032813,[Horizons] SMALL BODY #C(500@10)_T(207 Hedda) (1/1),SMALL,0
-2.584881819,-1.301869664,-0.03374000234,[Horizons] SMALL BODY #C(500@10)_T(208 Lacrimosa) (1/1),SMALL,0
3.251933193,0.1238019195,-0.361127906,[Horizons] SMALL BODY #C(500@10)_T(202 Chryseis) (1/1),SMALL,0
-1.764708302,2.104454057,-0.5133833093,[Horizons] SMALL BODY #C(500@10)_T(205 Martha) (1/1),SMALL,0
1.779619843,2.495340245,-0.219084232,[Horizons] SMALL BODY #C(500@10)_T(204 Kallisto) (1/1),SMALL,0
2.609041819,-0.415464999,0.008241027303,[Horizons] SMALL BODY #C(500@10)_T(203 Pompeja) (1/1),SMALL,0
2.479764172,-1.258601847,-0.02571198178,[Horizons] SMALL BODY #C(500@10)_T(206 Hersilia) (1/1),SMALL,0
1.837216398,-1.217703725,0.04034217499,[Horizons] SMALL BODY #C(500@10)_T(201 Penelope) (1/1),SMALL,0
1.734088156,-2.154626991,-0.08910008513,[Horizons] SMALL BODY #C(500@10)_T(200 Dynamene) (1/1),SMALL,0
-2.848414462,-0.3957359679,0.785964133,[Horizons] SMALL BODY #C(500@10)_T(199 Byblis) (1/1),SMALL,0
-0.5915474919,2.41996391,-0.1091106484,[Horizons] SMALL BODY #C(500@10)_T(198 Ampella) (1/1),SMALL,0
-1.558492444,2.249286717,0.2960906647,[Horizons] SMALL BODY #C(500@10)_T(195 Eurykleia) (1/1),SMALL,0
-1.592665932,-2.169043378,0.194792057,[Horizons] SMALL BODY #C(500@10)_T(197 Arete) (1/1),SMALL,0
2.270632257,2.16860943,-0.1917960218,[Horizons] SMALL BODY #C(500@10)_T(196 Philomela) (1/1),SMALL,0
-0.05913933616,-2.068090438,0.6544985589,[Horizons] SMALL BODY #C(500@10)_T(194 Prokne) (1/1),SMALL,0
-0.1965884032,2.155942726,0.2390931038,[Horizons] SMALL BODY #C(500@10)_T(192 Nausikaa) (1/1),SMALL,0
-1.957873424,-2.366182484,0.5915131638,[Horizons] SMALL BODY #C(500@10)_T(191 Kolga) (1/1),SMALL,0
3.887222213,-0.4671842301,0.0170784976,[Horizons] SMALL BODY #C(500@10)_T(190 Ismene) (1/1),SMALL,0
1.061968915,-2.169385071,0.2184834304,[Horizons] SMALL BODY #C(500@10)_T(189 Phthia) (1/1),SMALL,0
1.429017497,-2.570981855,-0.4817244509,[Horizons] SMALL BODY #C(500@10)_T(193 Ambrosia) (1/1),SMALL,0
-2.971856364,-0.08318161585,-0.5295792755,[Horizons] SMALL BODY #C(500@10)_T(188 Menippe) (1/1),SMALL,0
-2.388162043,-0.8987319386,-0.06109091575,[Horizons] SMALL BODY #C(500@10)_T(186 Celuta) (1/1),SMALL,0
-2.503428083,1.674015126,0.005582796079,[Horizons] SMALL BODY #C(500@10)_T(184 Dejopeja) (1/1),SMALL,0
3.169087815,0.07569573969,-0.2057521943,[Horizons] SMALL BODY #C(500@10)_T(187 Lamberta) (1/1),SMALL,0
-1.438958487,-2.333525517,1.171652522,[Horizons] SMALL BODY #C(500@10)_T(185 Eunike) (1/1),SMALL,0
-2.080911541,-2.647177551,1.670484013,[Horizons] SMALL BODY #C(500@10)_T(183 Istria) (1/1),SMALL,0
3.005755634,-1.712072409,-0.1507334349,[Horizons] SMALL BODY #C(500@10)_T(181 Eucharis) (1/1),SMALL,0
1.257837149,-2.459011032,0.2691998068,[Horizons] SMALL BODY #C(500@10)_T(179 Klytaemnestra) (1/1),SMALL,0
1.810066539,0.8802239741,-0.06965673213,[Horizons] SMALL BODY #C(500@10)_T(182 Elsa) (1/1),SMALL,0
2.671738677,-1.643572985,0.01352148206,[Horizons] SMALL BODY #C(500@10)_T(180 Garumna) (1/1),SMALL,0
-0.8994314863,3.039647815,0.4482542289,[Horizons] SMALL BODY #C(500@10)_T(174 Phaedra) (1/1),SMALL,0
-3.224031493,-1.610323637,-0.01838273377,[Horizons] SMALL BODY #C(500@10)_T(175 Andromache) (1/1),SMALL,0
1.3110416,-2.215564471,-0.04495391774,[Horizons] SMALL BODY #C(500@10)_T(177 Irma) (1/1),SMALL,0
2.249938413,-0.9125780225,-0.07683856411,[Horizons] SMALL BODY #C(500@10)_T(178 Belisana) (1/1),SMALL,0
1.717624065,1.971926832,-0.5203356946,[Horizons] SMALL BODY #C(500@10)_T(176 Iduna) (1/1),SMALL,0
3.322351022,0.8517312018,-0.1521978904,[Horizons] SMALL BODY #C(500@10)_T(171 Ophelia) (1/1),SMALL,0
-1.359538327,1.983127852,-0.0337333309,[Horizons] SMALL BODY #C(500@10)_T(170 Maria) (1/1),SMALL,0
-1.455201193,2.331642919,-0.3069818978,[Horizons] SMALL BODY #C(500@10)_T(173 Ino) (1/1),SMALL,0
-1.29735052,2.241300905,0.2414661046,[Horizons] SMALL BODY #C(500@10)_T(172 Baucis) (1/1),SMALL,0
-3.082482952,-0.5678158619,0.5871148548,[Horizons] SMALL BODY #C(500@10)_T(166 Rhodope) (1/1),SMALL,0
-2.609310586,-0.04235496141,-0.02705232505,[Horizons] SMALL BODY #C(500@10)_T(169 Zelia) (1/1),SMALL,0
-0.02481225386,-2.856445931,-0.3085815003,[Horizons] SMALL BODY #C(500@10)_T(165 Loreley) (1/1),SMALL,0
2.837223484,1.30831938,0.005371726472,[Horizons] SMALL BODY #C(500@10)_T(168 Sibylla) (1/1),SMALL,0
-2.141414851,-1.843379033,0.08888684804,[Horizons] SMALL BODY #C(500@10)_T(167 Urda) (1/1),SMALL,0
-2.901472141,1.136418596,1.403832501,[Horizons] SMALL BODY #C(500@10)_T(164 Eva) (1/1),SMALL,0
-0.5504992221,-2.084576762,-0.2869833837,[Horizons] SMALL BODY #C(500@10)_T(161 Athor) (1/1),SMALL,0
2.214498412,-1.369302166,0.04477150145,[Horizons] SMALL BODY #C(500@10)_T(163 Erigone) (1/1),SMALL,0
2.834469811,-2.113073535,-0.3591622752,[Horizons] SMALL BODY #C(500@10)_T(162 Laurentia) (1/1),SMALL,0
2.488253829,-1.354534068,-0.6105139125,[Horizons] SMALL BODY #C(500@10)_T(157 Dejanira) (1/1),SMALL,0
2.080871656,-2.030824893,0.03141850765,[Horizons] SMALL BODY #C(500@10)_T(158 Koronis) (1/1),SMALL,0
-1.051207681,4.352782817,-0.5067920178,[Horizons] SMALL BODY #C(500@10)_T(153 Hilda) (1/1),SMALL,0
-2.958032186,-0.6364556288,0.2757103157,[Horizons] SMALL BODY #C(500@10)_T(159 Aemilia) (1/1),SMALL,0
-1.722913987,-2.895398874,-0.2124507341,[Horizons] SMALL BODY #C(500@10)_T(155 Scylla) (1/1),SMALL,0
2.791007894,1.810561424,0.2768209028,[Horizons] SMALL BODY #C(500@10)_T(156 Xanthippe) (1/1),SMALL,0
-1.215831928,-2.251193051,-0.1116249973,[Horizons] SMALL BODY #C(500@10)_T(151 Abundantia) (1/1),SMALL,0
-1.213268536,2.315367634,0.1651308965,[Horizons] SMALL BODY #C(500@10)_T(160 Una) (1/1),SMALL,0
3.134470451,-0.07938189505,-0.4450106023,[Horizons] SMALL BODY #C(500@10)_T(152 Atala) (1/1),SMALL,0
-2.804260914,0.5837391764,0.8221570028,[Horizons] SMALL BODY #C(500@10)_T(154 Bertha) (1/1),SMALL,0
2.580786134,0.452787155,0.02808905108,[Horizons] SMALL BODY #C(500@10)_T(150 Nuwa) (1/1),SMALL,0
1.290747406,-2.807974897,0.07555601029,[Horizons] SMALL BODY #C(500@10)_T(147 Protogeneia) (1/1),SMALL,0
1.952584615,-0.845878634,0.001841678494,[Horizons] SMALL BODY #C(500@10)_T(149 Medusa) (1/1),SMALL,0
-0.7846349821,2.280091608,-0.6698662517,[Horizons] SMALL BODY #C(500@10)_T(148 Gallia) (1/1),SMALL,0
-0.09849966627,2.423122109,0.05674797553,[Horizons] SMALL BODY #C(500@10)_T(144 Vibilia) (1/1),SMALL,0
0.3150206641,-2.987937048,-0.214876464,[Horizons] SMALL BODY #C(500@10)_T(145 Adeona) (1/1),SMALL,0
2.586801601,-0.8048045675,-0.6184202764,[Horizons] SMALL BODY #C(500@10)_T(146 Lucina) (1/1),SMALL,0
2.880444541,-0.08856443828,0.248921329,[Horizons] SMALL BODY #C(500@10)_T(143 Adria) (1/1),SMALL,0
-0.8267146853,2.282065059,0.4446551185,[Horizons] SMALL BODY #C(500@10)_T(139 Juewa) (1/1),SMALL,0
-1.211058829,-1.956065401,-0.007813387261,[Horizons] SMALL BODY #C(500@10)_T(138 Tolosa) (1/1),SMALL,0
0.9895210009,2.821571184,-0.0989933187,[Horizons] SMALL BODY #C(500@10)_T(140 Siwa) (1/1),SMALL,0
2.305070864,-0.9910106692,0.07000333343,[Horizons] SMALL BODY #C(500@10)_T(142 Polana) (1/1),SMALL,0
-2.577148196,-1.771778889,-0.6393838181,[Horizons] SMALL BODY #C(500@10)_T(141 Lumen) (1/1),SMALL,0
1.97148182,2.388346114,-0.349916652,[Horizons] SMALL BODY #C(500@10)_T(137 Meliboea) (1/1),SMALL,0
0.495061223,1.983295078,0.04004845569,[Horizons] SMALL BODY #C(500@10)_T(132 Aethra) (1/1),SMALL,0
1.992524342,0.486529563,0.04144181726,[Horizons] SMALL BODY #C(500@10)_T(135 Hertha) (1/1),SMALL,0
-1.593413763,-2.299731563,-0.5372562946,[Horizons] SMALL BODY #C(500@10)_T(134 Sophrosyne) (1/1),SMALL,0
-1.549282729,-1.650091039,0.2473123531,[Horizons] SMALL BODY #C(500@10)_T(136 Austria) (1/1),SMALL,0
1.278446918,3.209241515,0.4127186904,[Horizons] SMALL BODY #C(500@10)_T(133 Cyrene) (1/1),SMALL,0
-0.6049449765,2.433417379,0.1349039596,[Horizons] SMALL BODY #C(500@10)_T(131 Vala) (1/1),SMALL,0
2.450082261,-0.1919884747,-0.5239064428,[Horizons] SMALL BODY #C(500@10)_T(130 Elektra) (1/1),SMALL,0
-1.708490299,-1.463393497,0.4871357981,[Horizons] SMALL BODY #C(500@10)_T(129 Antigone) (1/1),SMALL,0
-0.02858290707,2.578931751,0.3219154746,[Horizons] SMALL BODY #C(500@10)_T(127 Johanna) (1/1),SMALL,0
1.09856941,2.166595099,-0.1564281386,[Horizons] SMALL BODY #C(500@10)_T(119 Althaea) (1/1),SMALL,0
-2.182498188,1.531384418,-0.09399105954,[Horizons] SMALL BODY #C(500@10)_T(124 Alkeste) (1/1),SMALL,0
-1.396547308,-2.102035061,-0.070386878,[Horizons] SMALL BODY #C(500@10)_T(126 Velleda) (1/1),SMALL,0
-2.533244726,1.47259456,0.3076001205,[Horizons] SMALL BODY #C(500@10)_T(128 Nemesis) (1/1),SMALL,0
-1.687797417,2.392103625,-0.1652364862,[Horizons] SMALL BODY #C(500@10)_T(125 Liberatrix) (1/1),SMALL,0
-1.623634008,2.65464108,0.2428067191,[Horizons] SMALL BODY #C(500@10)_T(120 Lachesis) (1/1),SMALL,0
0.2855863468,2.349052334,0.1869732815,[Horizons] SMALL BODY #C(500@10)_T(123 Brunhild) (1/1),SMALL,0
-1.292662343,-3.408996773,0.03301763367,[Horizons] SMALL BODY #C(500@10)_T(121 Hermione) (1/1),SMALL,0
-2.716546473,1.542402766,-0.04160160325,[Horizons] SMALL BODY #C(500@10)_T(122 Gerda) (1/1),SMALL,0
-1.984767405,-2.241165084,-0.6878027245,[Horizons] SMALL BODY #C(500@10)_T(117 Lomia) (1/1),SMALL,0
0.05658696968,2.029619109,0.1801607822,[Horizons] SMALL BODY #C(500@10)_T(118 Peitho) (1/1),SMALL,0
-1.836765798,1.444559621,-0.1080201466,[Horizons] SMALL BODY #C(500@10)_T(115 Thyra) (1/1),SMALL,0
1.816001949,2.177479532,-0.04134891482,[Horizons] SMALL BODY #C(500@10)_T(116 Sirona) (1/1),SMALL,0
0.493243072,-2.788831026,0.2200470929,[Horizons] SMALL BODY #C(500@10)_T(114 Kassandra) (1/1),SMALL,0
-1.153970421,2.366296837,0.05502172828,[Horizons] SMALL BODY #C(500@10)_T(112 Iphigenia) (1/1),SMALL,0
-1.405469585,-2.33486585,-0.2160944001,[Horizons] SMALL BODY #C(500@10)_T(111 Ate) (1/1),SMALL,0
2.142631442,1.414504408,-0.2265573695,[Horizons] SMALL BODY #C(500@10)_T(113 Amalthea) (1/1),SMALL,0
-2.707393493,-1.420509499,-0.137973821,[Horizons] SMALL BODY #C(500@10)_T(108 Hecuba) (1/1),SMALL,0
0.377315878,-3.314340454,-0.1509576439,[Horizons] SMALL BODY #C(500@10)_T(106 Dione) (1/1),SMALL,0
-1.520989518,2.849873992,-0.463728486,[Horizons] SMALL BODY #C(500@10)_T(107 Camilla) (1/1),SMALL,0
-1.992069343,-1.981874237,0.06111074618,[Horizons] SMALL BODY #C(500@10)_T(110 Lydia) (1/1),SMALL,0
2.072246747,-1.416677265,-0.2087509745,[Horizons] SMALL BODY #C(500@10)_T(109 Felicitas) (1/1),SMALL,0
-0.3072769488,2.50142659,-0.9894068234,[Horizons] SMALL BODY #C(500@10)_T(105 Artemis) (1/1),SMALL,0
2.73460646,0.7199618553,-0.06240397347,[Horizons] SMALL BODY #C(500@10)_T(104 Klymene) (1/1),SMALL,0
2.474340656,0.5904282817,-0.2031296597,[Horizons] SMALL BODY #C(500@10)_T(103 Hera) (1/1),SMALL,0
-2.39524281,-1.836320613,0.3402260654,[Horizons] SMALL BODY #C(500@10)_T(100 Hekate) (1/1),SMALL,0
-0.04730583169,-2.47410499,0.1901547011,[Horizons] SMALL BODY #C(500@10)_T(102 Miriam) (1/1),SMALL,0
-2.233780995,1.892252482,0.2112229911,[Horizons] SMALL BODY #C(500@10)_T(101 Helena) (1/1),SMALL,0
2.706435006,-1.64076896,-0.374679486,[Horizons] SMALL BODY #C(500@10)_T(98 Ianthe) (1/1),SMALL,0
-2.114539124,1.317805252,0.588709006,[Horizons] SMALL BODY #C(500@10)_T(99 Dike) (1/1),SMALL,0
0.2279865888,3.08414264,0.460453195,[Horizons] SMALL BODY #C(500@10)_T(93 Minerva) (1/1),SMALL,0
2.693485157,-2.097272117,0.01032827178,[Horizons] SMALL BODY #C(500@10)_T(96 Aegle) (1/1),SMALL,0
0.7649383795,1.783773813,-0.4041642157,[Horizons] SMALL BODY #C(500@10)_T(97 Klotho) (1/1),SMALL,0
-3.11665626,0.8217547128,-0.7270335695,[Horizons] SMALL BODY #C(500@10)_T(95 Arethusa) (1/1),SMALL,0
1.977812443,2.061722858,0.2759323781,[Horizons] SMALL BODY #C(500@10)_T(94 Aurora) (1/1),SMALL,0
1.197646982,2.610346872,0.1353947049,[Horizons] SMALL BODY #C(500@10)_T(88 Thisbe) (1/1),SMALL,0
-2.675778704,2.512286172,0.1300365383,[Horizons] SMALL BODY #C(500@10)_T(90 Antiope) (1/1),SMALL,0
-2.94232679,-0.1087656396,-0.6576915393,[Horizons] SMALL BODY #C(500@10)_T(89 Julia) (1/1),SMALL,0
1.198983237,-2.549160294,-0.1000310225,[Horizons] SMALL BODY #C(500@10)_T(91 Aegina) (1/1),SMALL,0
-3.350936453,-0.6426331137,0.5974098236,[Horizons] SMALL BODY #C(500@10)_T(92 Undina) (1/1),SMALL,0
0.3979077615,2.548044193,-0.01885554851,[Horizons] SMALL BODY #C(500@10)_T(86 Semele) (1/1),SMALL,0
-1.215379982,3.456661425,0.4170771585,[Horizons] SMALL BODY #C(500@10)_T(87 Sylvia) (1/1),SMALL,0
-2.295542157,-1.520678399,0.1054015455,[Horizons] SMALL BODY #C(500@10)_T(85 Io) (1/1),SMALL,0
-2.592503337,1.315211024,-0.04644103545,[Horizons] SMALL BODY #C(500@10)_T(84 Klio) (1/1),SMALL,0
-0.3750714689,2.329674619,0.3200455601,[Horizons] SMALL BODY #C(500@10)_T(81 Terpsichore) (1/1),SMALL,0
-2.595726689,0.7771350166,-0.3401471215,[Horizons] SMALL BODY #C(500@10)_T(80 Sappho) (1/1),SMALL,0
3.143226986,-0.8778348689,-0.1058106162,[Horizons] SMALL BODY #C(500@10)_T(82 Alkmene) (1/1),SMALL,0
1.538128333,-1.865229896,0.1900593734,[Horizons] SMALL BODY #C(500@10)_T(79 Eurynome) (1/1),SMALL,0
-0.8970931628,2.212517028,0.2063374465,[Horizons] SMALL BODY #C(500@10)_T(83 Beatrix) (1/1),SMALL,0
1.885478746,-0.0698212502,-0.004205518776,[Horizons] SMALL BODY #C(500@10)_T(75 Eurydike) (1/1),SMALL,0
-1.557664597,1.382414007,0.08241645162,[Horizons] SMALL BODY #C(500@10)_T(78 Diana) (1/1),SMALL,0
2.363769533,1.923709649,-0.0289070492,[Horizons] SMALL BODY #C(500@10)_T(76 Freia) (1/1),SMALL,0
2.128498752,1.042444189,0.04229252413,[Horizons] SMALL BODY #C(500@10)_T(77 Frigga) (1/1),SMALL,0
-0.3664483838,-2.743334049,-0.1107989642,[Horizons] SMALL BODY #C(500@10)_T(73 Klytia) (1/1),SMALL,0
1.849733928,1.182868654,-0.01681982773,[Horizons] SMALL BODY #C(500@10)_T(72 Feronia) (1/1),SMALL,0
1.510372502,-1.810787823,0.1548204227,[Horizons] SMALL BODY #C(500@10)_T(74 Galatea) (1/1),SMALL,0
0.2531489086,-2.517714082,-0.2775131579,[Horizons] SMALL BODY #C(500@10)_T(68 Leto) (1/1),SMALL,0
-2.234307955,1.08855469,-0.3305770544,[Horizons] SMALL BODY #C(500@10)_T(71 Niobe) (1/1),SMALL,0
0.5766146649,2.833868086,0.3038293604,[Horizons] SMALL BODY #C(500@10)_T(70 Panopaea) (1/1),SMALL,0
0.06376796373,2.47702005,-0.3719444879,[Horizons] SMALL BODY #C(500@10)_T(69 Hesperia) (1/1),SMALL,0
0.07290283033,-2.026573048,0.2007745731,[Horizons] SMALL BODY #C(500@10)_T(67 Asia) (1/1),SMALL,0
-1.919743301,1.671188442,0.1014857979,[Horizons] SMALL BODY #C(500@10)_T(66 Maja) (1/1),SMALL,0
-0.7610904593,2.571446654,0.2115096932,[Horizons] SMALL BODY #C(500@10)_T(63 Ausonia) (1/1),SMALL,0
1.576183434,-2.731336212,0.01101518879,[Horizons] SMALL BODY #C(500@10)_T(62 Erato) (1/1),SMALL,0
-3.306184508,0.0001919064319,0.08499886627,[Horizons] SMALL BODY #C(500@10)_T(65 Cybele) (1/1),SMALL,0
-1.780056017,-2.032870078,-0.06089506096,[Horizons] SMALL BODY #C(500@10)_T(64 Angelina) (1/1),SMALL,0
-2.254271827,-2.645848349,0.4778845538,[Horizons] SMALL BODY #C(500@10)_T(57 Mnemosyne) (1/1),SMALL,0
2.448597052,-0.5342805428,0.06378104459,[Horizons] SMALL BODY #C(500@10)_T(60 Echo) (1/1),SMALL,0
0.6542696676,-2.538089618,-0.6517831144,[Horizons] SMALL BODY #C(500@10)_T(61 Danae) (1/1),SMALL,0
-2.582451606,0.1641855713,0.060359276,[Horizons] SMALL BODY #C(500@10)_T(58 Concordia) (1/1),SMALL,0
-2.232086375,-1.985496462,0.3559386511,[Horizons] SMALL BODY #C(500@10)_T(59 Elpis) (1/1),SMALL,0
-1.870809789,-2.220528484,0.2622277524,[Horizons] SMALL BODY #C(500@10)_T(53 Kalypso) (1/1),SMALL,0
0.6114161086,2.432659769,0.287543427,[Horizons] SMALL BODY #C(500@10)_T(55 Pandora) (1/1),SMALL,0
2.286149656,1.094867049,0.5045075807,[Horizons] SMALL BODY #C(500@10)_T(54 Alexandra) (1/1),SMALL,0
-2.17264805,-1.133115613,0.08746234333,[Horizons] SMALL BODY #C(500@10)_T(56 Melete) (1/1),SMALL,0
1.126296234,-2.942417098,0.01808868757,[Horizons] SMALL BODY #C(500@10)_T(49 Pales) (1/1),SMALL,0
2.96743863,0.8022114516,-0.3701195102,[Horizons] SMALL BODY #C(500@10)_T(52 Europa) (1/1),SMALL,0
-3.123790821,-0.6571260735,0.05306186335,[Horizons] SMALL BODY #C(500@10)_T(48 Doris) (1/1),SMALL,0
2.285315273,-1.029120208,0.1523321964,[Horizons] SMALL BODY #C(500@10)_T(51 Nemausa) (1/1),SMALL,0
-2.919392009,-1.649890513,0.09758769068,[Horizons] SMALL BODY #C(500@10)_T(50 Virginia) (1/1),SMALL,0
-0.3234129258,-2.6890549,0.1311890127,[Horizons] SMALL BODY #C(500@10)_T(44 Nysa) (1/1),SMALL,0
2.369611611,-1.336687316,-0.01633917442,[Horizons] SMALL BODY #C(500@10)_T(45 Eugenia) (1/1),SMALL,0
1.138223694,2.725030091,0.231538031,[Horizons] SMALL BODY #C(500@10)_T(47 Aglaja) (1/1),SMALL,0
-1.999667021,1.963647387,-0.08211068505,[Horizons] SMALL BODY #C(500@10)_T(46 Hestia) (1/1),SMALL,0
-0.8850982796,2.085852458,0.1170004965,[Horizons] SMALL BODY #C(500@10)_T(37 Fides) (1/1),SMALL,0
-1.162916969,2.272718694,-0.0827266527,[Horizons] SMALL BODY #C(500@10)_T(43 Ariadne) (1/1),SMALL,0
2.428360389,-0.4418238448,-0.09959656649,[Horizons] SMALL BODY #C(500@10)_T(39 Laetitia) (1/1),SMALL,0
2.527009854,2.35277619,-0.6888647043,[Horizons] SMALL BODY #C(500@10)_T(41 Daphne) (1/1),SMALL,0
-2.480037414,0.3656602781,-0.2537973882,[Horizons] SMALL BODY #C(500@10)_T(38 Leda) (1/1),SMALL,0
-2.515344133,-0.7741985274,0.3629274889,[Horizons] SMALL BODY #C(500@10)_T(42 Isis) (1/1),SMALL,0
-2.352219732,0.2522145753,0.1732667636,[Horizons] SMALL BODY #C(500@10)_T(40 Harmonia) (1/1),SMALL,0
0.5626167391,3.208522151,0.4529432803,[Horizons] SMALL BODY #C(500@10)_T(35 Leukothea) (1/1),SMALL,0
1.857106421,0.5905147259,0.2152704618,[Horizons] SMALL BODY #C(500@10)_T(36 Atalante) (1/1),SMALL,0
2.583276312,-1.45843788,0.1587876469,[Horizons] SMALL BODY #C(500@10)_T(34 Circe) (1/1),SMALL,0
0.940602049,-2.388709573,0.2347630142,[Horizons] SMALL BODY #C(500@10)_T(32 Pomona) (1/1),SMALL,0
1.691750812,1.255127809,0.03210368187,[Horizons] SMALL BODY #C(500@10)_T(33 Polyhymnia) (1/1),SMALL,0
-2.168634292,-2.8467748,-0.6505356534,[Horizons] SMALL BODY #C(500@10)_T(31 Euphrosyne) (1/1),SMALL,0
-1.518101381,1.355944327,0.0386966721,[Horizons] SMALL BODY #C(500@10)_T(27 Euterpe) (1/1),SMALL,0
0.6676636913,2.369455863,-0.3842448018,[Horizons] SMALL BODY #C(500@10)_T(28 Bellona) (1/1),SMALL,0
-1.724516097,1.650608187,-0.01334701237,[Horizons] SMALL BODY #C(500@10)_T(30 Urania) (1/1),SMALL,0
2.032167084,1.244478911,0.1461528479,[Horizons] SMALL BODY #C(500@10)_T(29 Amphitrite) (1/1),SMALL,0
2.277117858,1.752463888,-0.02551495145,[Horizons] SMALL BODY #C(500@10)_T(26 Proserpina) (1/1),SMALL,0
-2.815081427,-0.236560433,0.01915313263,[Horizons] SMALL BODY #C(500@10)_T(24 Themis) (1/1),SMALL,0
-2.028832733,0.4261300998,0.3626410757,[Horizons] SMALL BODY #C(500@10)_T(23 Thalia) (1/1),SMALL,0
-2.518128635,1.038288886,-0.8998545096,[Horizons] SMALL BODY #C(500@10)_T(25 Phocaea) (1/1),SMALL,0
-0.02442409057,-2.610602173,0.06102480989,[Horizons] SMALL BODY #C(500@10)_T(19 Fortuna) (1/1),SMALL,0
1.640876553,-0.9906841946,0.008892004889,[Horizons] SMALL BODY #C(500@10)_T(18 Melpomene) (1/1),SMALL,0
0.3916472569,-2.723067628,0.03237688295,[Horizons] SMALL BODY #C(500@10)_T(20 Massalia) (1/1),SMALL,0
1.092808146,-2.833867572,-0.5242778306,[Horizons] SMALL BODY #C(500@10)_T(22 Kalliope) (1/1),SMALL,0
1.965960242,0.8897616692,-0.09634017187,[Horizons] SMALL BODY #C(500@10)_T(21 Lutetia) (1/1),SMALL,0
2.529270364,1.480400284,-0.389101375,[Horizons] SMALL BODY #C(500@10)_T(14 Irene) (1/1),SMALL,0
2.171909711,-0.3549294638,0.3873938192,[Horizons] SMALL BODY #C(500@10)_T(15 Eunomia) (1/1),SMALL,0
-0.4253920252,-2.094003707,0.1530613637,[Horizons] SMALL BODY #C(500@10)_T(17 Thetis) (1/1),SMALL,0
2.448294575,-0.8736955004,-0.02519124794,[Horizons] SMALL BODY #C(500@10)_T(16 Psyche) (1/1),SMALL,0
2.632095406,-0.2116383013,-0.5809418546,[Horizons] SMALL BODY #C(500@10)_T(13 Egeria) (1/1),SMALL,0
-1.91496905,2.058705977,-0.4040458307,[Horizons] SMALL BODY #C(500@10)_T(12 Victoria) (1/1),SMALL,0
1.55467248,3.121840795,0.149116053,[Horizons] SMALL BODY #C(500@10)_T(10 Hygiea) (1/1),SMALL,0
0.7269462217,-2.116580284,0.05170965535,[Horizons] SMALL BODY #C(500@10)_T(11 Parthenope) (1/1),SMALL,0
1.579568977,1.426409706,-0.09378234032,[Horizons] SMALL BODY #C(500@10)_T(9 Metis) (1/1),SMALL,0
-1.625608461,-2.423125866,-0.1121543476,[Horizons] SMALL BODY #C(500@10)_T(7 Iris) (1/1),SMALL,0
-2.719785043,0.4723998008,0.003294358365,[Horizons] SMALL BODY #C(500@10)_T(3 Juno) (1/1),SMALL,0
-0.4177435474,2.115696303,-0.1313180768,[Horizons] SMALL BODY #C(500@10)_T(5 Astraea) (1/1),SMALL,0
0.347696026,-2.289477101,0.05064009653,[Horizons] SMALL BODY #C(500@10)_T(8 Flora) (1/1),SMALL,0
-2.781589625,0.4277256543,0.3990744143,[Horizons] SMALL BODY #C(500@10)_T(6 Hebe) (1/1),SMALL,0
-0.9137849644,-2.367937643,1.712403286,[Horizons] SMALL BODY #C(500@10)_T(2 Pallas) (1/1),SMALL,0
1.544273579,2.017217077,-0.2482309853,[Horizons] SMALL BODY #C(500@10)_T(4 Vesta) (1/1),SMALL,0
0.669364884,-2.808533321,-0.2118443259,[Horizons] SMALL BODY #C(500@10)_T(1 Ceres) (1/1),SMALL,0
0.9636880648,-3.127689311,0.1554712449,[Horizons] SMALL BODY #C(500@10)_T(415 Palatia (A896 CA)) (1/1),SMALL,0
1.392844154,3.084175935,0.1023008241,[Horizons] SMALL BODY #C(500@10)_T(416 Vaticana (A896 JA)) (1/1),SMALL,0
0.9484723063,3.094531184,-0.3325676451,[Horizons] SMALL BODY #C(500@10)_T(414 Liriope (A896 BB)) (1/1),SMALL,0
1.205661778,2.482766623,-0.01865747406,[Horizons] SMALL BODY #C(500@10)_T(409 Aspasia (A895 XC)) (1/1),SMALL,0
2.592073165,-0.5954959901,-0.630398296,[Horizons] SMALL BODY #C(500@10)_T(411 Xanthe (A896 AD)) (1/1),SMALL,0
1.701080953,-1.405544538,-0.2943755708,[Horizons] SMALL BODY #C(500@10)_T(410 Chloris (A896 AC)) (1/1),SMALL,0
1.54475703,0.5776862645,-0.5551786466,[Horizons] SMALL BODY #C(500@10)_T(413 Edburga (A896 AA)) (1/1),SMALL,0
-0.2491428478,2.771253237,-0.1336584016,[Horizons] SMALL BODY #C(500@10)_T(412 Elisabetha (A896 AB)) (1/1),SMALL,0
0.6073538664,-2.25535411,0.2457934289,[Horizons] SMALL BODY #C(500@10)_T(405 Thia (A895 OB)) (1/1),SMALL,0
2.631182435,-1.019467403,-0.2909240607,[Horizons] SMALL BODY #C(500@10)_T(402 Chloe (A895 FB)) (1/1),SMALL,0
1.601789108,-1.917450594,-0.01788538123,[Horizons] SMALL BODY #C(500@10)_T(406 Erna (A895 QA)) (1/1),SMALL,0
-2.890794747,-1.13128835,-0.1598241207,[Horizons] SMALL BODY #C(500@10)_T(388 Charybdis (A894 ED)) (1/1),SMALL,0
1.804980772,1.977676179,0.4011336225,[Horizons] SMALL BODY #C(500@10)_T(408 Fama (A895 TC)) (1/1),SMALL,0
-0.4866587436,2.545002977,0.08134520203,[Horizons] SMALL BODY #C(500@10)_T(407 Arachne (A895 TB)) (1/1),SMALL,0
-2.064127245,0.5567000252,0.5118155865,[Horizons] SMALL BODY #C(500@10)_T(404 Arsinoe (A895 MA)) (1/1),SMALL,0
2.828634664,0.7458183517,0.3591062765,[Horizons] SMALL BODY #C(500@10)_T(403 Cyane (A895 KA)) (1/1),SMALL,0
3.434021841,0.07170167077,0.3583988377,[Horizons] SMALL BODY #C(500@10)_T(400 Ducrosa (A895 EC)) (1/1),SMALL,0
3.01128322,-1.152816803,-0.2825433072,[Horizons] SMALL BODY #C(500@10)_T(401 Ottilia (A895 FA)) (1/1),SMALL,0
-2.607049531,1.483076806,-0.6688160566,[Horizons] SMALL BODY #C(500@10)_T(397 Vienna (A894 YA)) (1/1),SMALL,0
-0.7455372388,-2.198931194,0.002420266869,[Horizons] SMALL BODY #C(500@10)_T(396 Aeolia (A894 XA)) (1/1),SMALL,0
1.915505357,-2.494722066,-0.4578544686,[Horizons] SMALL BODY #C(500@10)_T(399 Persephone (A895 DD)) (1/1),SMALL,0
0.7947493278,-3.172036013,0.04067232347,[Horizons] SMALL BODY #C(500@10)_T(398 Admete (A894 YB)) (1/1),SMALL,0
-1.863402883,2.634214158,0.2993951547,[Horizons] SMALL BODY #C(500@10)_T(394 Arduina (A894 WB)) (1/1),SMALL,0
-2.842630434,0.4778674823,-0.8332989063,[Horizons] SMALL BODY #C(500@10)_T(391 Ingeborg (A894 VB)) (1/1),SMALL,0
2.500079648,1.436039228,0.1283290495,[Horizons] SMALL BODY #C(500@10)_T(395 Delia (A894 WC)) (1/1),SMALL,0
1.702133761,2.191471985,-0.2486991133,[Horizons] SMALL BODY #C(500@10)_T(393 Lampetia (A894 VC)) (1/1),SMALL,0
-2.355657101,-2.238833058,0.1968692165,[Horizons] SMALL BODY #C(500@10)_T(392 Wilhelmina (A894 VD)) (1/1),SMALL,0
-0.1108664219,2.608347623,0.06373853712,[Horizons] SMALL BODY #C(500@10)_T(389 Industria (A894 EE)) (1/1),SMALL,0
0.2296270247,3.232294427,-0.7131982569,[Horizons] SMALL BODY #C(500@10)_T(387 Aquitania (A894 EC)) (1/1),SMALL,0
-1.30585791,-2.260609749,-0.6076717036,[Horizons] SMALL BODY #C(500@10)_T(385 Ilmatar (A894 EA)) (1/1),SMALL,0
-2.242086597,-0.9251528081,-0.5098136847,[Horizons] SMALL BODY #C(500@10)_T(390 Alma (A894 FA)) (1/1),SMALL,0
1.992305024,-1.70107325,0.4400621336,[Horizons] SMALL BODY #C(500@10)_T(386 Siegena (A894 EB)) (1/1),SMALL,0
-0.7878930077,3.403490607,-0.2920349715,[Horizons] SMALL BODY #C(500@10)_T(381 Myrrha (A894 AC)) (1/1),SMALL,0
0.8892926084,3.415491663,0.3885380618,[Horizons] SMALL BODY #C(500@10)_T(382 Dodona (A894 BB)) (1/1),SMALL,0
2.559021397,-1.657456177,-0.1149974908,[Horizons] SMALL BODY #C(500@10)_T(383 Janina (A894 BC)) (1/1),SMALL,0
2.386398115,0.215770628,-0.2587055425,[Horizons] SMALL BODY #C(500@10)_T(380 Fiducia (A894 AB)) (1/1),SMALL,0
-2.66568556,-0.4676600745,0.1626576241,[Horizons] SMALL BODY #C(500@10)_T(384 Burdigala (A894 CA)) (1/1),SMALL,0
-1.874313753,-2.207643614,0.1134495282,[Horizons] SMALL BODY #C(500@10)_T(377 Campania (A893 SD)) (1/1),SMALL,0
-1.612637416,1.892052614,-0.03477077421,[Horizons] SMALL BODY #C(500@10)_T(376 Geometria (A893 SC)) (1/1),SMALL,0
-2.620999367,1.288897812,-0.3518946611,[Horizons] SMALL BODY #C(500@10)_T(378 Holmia (A893 XA)) (1/1),SMALL,0
2.115118139,-1.553766504,0.03614570986,[Horizons] SMALL BODY #C(500@10)_T(379 Huenna (A894 AA)) (1/1),SMALL,0
2.356065221,-1.285856993,-0.3941927899,[Horizons] SMALL BODY #C(500@10)_T(373 Melusina (A893 RA)) (1/1),SMALL,0
0.8580810238,-2.639051434,-0.5926622604,[Horizons] SMALL BODY #C(500@10)_T(375 Ursula (A893 SB)) (1/1),SMALL,0
0.7600403654,2.885307648,-0.2790695049,[Horizons] SMALL BODY #C(500@10)_T(374 Burgundia (A893 SA)) (1/1),SMALL,0
-2.192344102,-2.665156832,-1.513146022,[Horizons] SMALL BODY #C(500@10)_T(372 Palma (A893 QB)) (1/1),SMALL,0
-2.503570115,-0.2218629701,-0.3340273669,[Horizons] SMALL BODY #C(500@10)_T(370 Modestia (A893 NB)) (1/1),SMALL,0
1.805530406,1.577341699,-0.4322216678,[Horizons] SMALL BODY #C(500@10)_T(369 Aeria (A893 NA)) (1/1),SMALL,0
2.040564968,-1.630684076,0.2088494745,[Horizons] SMALL BODY #C(500@10)_T(371 Bohemia (A893 OA)) (1/1),SMALL,0
1.950262083,-1.448460542,-0.1080486192,[Horizons] SMALL BODY #C(500@10)_T(367 Amicitia (A893 KB)) (1/1),SMALL,0
-1.061351854,3.353423924,-0.4221039543,[Horizons] SMALL BODY #C(500@10)_T(368 Haidea (A893 KC)) (1/1),SMALL,0
-3.110800845,-0.1505499091,-0.02976988541,[Horizons] SMALL BODY #C(500@10)_T(365 Corduba (A893 FF)) (1/1),SMALL,0
2.24118458,1.069074596,-0.01119319188,[Horizons] SMALL BODY #C(500@10)_T(362 Havnia (A893 EG)) (1/1),SMALL,0
-0.5746991562,-2.460350123,0.1275262193,[Horizons] SMALL BODY #C(500@10)_T(364 Isara (A893 FE)) (1/1),SMALL,0
-3.120945038,-3.213698059,-0.4549285632,[Horizons] SMALL BODY #C(500@10)_T(361 Bononia (A893 EF)) (1/1),SMALL,0
-0.641356274,3.169555378,0.5484430194,[Horizons] SMALL BODY #C(500@10)_T(366 Vincentina (A893 FG)) (1/1),SMALL,0
-0.690001417,2.687392752,0.1844288364,[Horizons] SMALL BODY #C(500@10)_T(363 Padua (A893 FD)) (1/1),SMALL,0
-2.822034318,-1.124766931,-0.09745519643,[Horizons] SMALL BODY #C(500@10)_T(359 Georgia (A893 ED)) (1/1),SMALL,0
-2.302358376,1.499119779,-0.07269971761,[Horizons] SMALL BODY #C(500@10)_T(358 Apollonia (A893 EC)) (1/1),SMALL,0
-2.920268153,-1.278652371,0.06984175526,[Horizons] SMALL BODY #C(500@10)_T(349 Dembowska (A892 XB)) (1/1),SMALL,0
0.01013490051,-3.414850398,0.4746083692,[Horizons] SMALL BODY #C(500@10)_T(360 Carlova (A893 EE)) (1/1),SMALL,0
-2.060394812,1.196593107,0.1752689724,[Horizons] SMALL BODY #C(500@10)_T(353 Ruperto-Carola (A893 BB)) (1/1),SMALL,0
2.468380138,1.362961352,-0.7181797266,[Horizons] SMALL BODY #C(500@10)_T(357 Ninina (A893 CB)) (1/1),SMALL,0
2.448077678,-1.113692312,-0.1260763747,[Horizons] SMALL BODY #C(500@10)_T(356 Liguria (A893 BE)) (1/1),SMALL,0
-2.422587012,0.4869658209,0.3894902339,[Horizons] SMALL BODY #C(500@10)_T(354 Eleonora (A893 BC)) (1/1),SMALL,0
-0.9424936764,-2.596887965,-0.2025132799,[Horizons] SMALL BODY #C(500@10)_T(355 Gabriella (A893 BD)) (1/1),SMALL,0
-1.092772546,2.46028334,0.5051472064,[Horizons] SMALL BODY #C(500@10)_T(350 Ornamenta (A892 XC)) (1/1),SMALL,0
-1.441488529,1.654290362,-0.1164258645,[Horizons] SMALL BODY #C(500@10)_T(352 Gisela (A893 AB)) (1/1),SMALL,0
2.050642403,-2.434099837,-0.2650365519,[Horizons] SMALL BODY #C(500@10)_T(351 Yrsa (A892 YA)) (1/1),SMALL,0
2.214280902,-0.7135586278,0.3081064328,[Horizons] SMALL BODY #C(500@10)_T(345 Tercidina (A892 WB)) (1/1),SMALL,0
-2.058868733,2.306554285,1.019046553,[Horizons] SMALL BODY #C(500@10)_T(344 Desiderata (A892 WA)) (1/1),SMALL,0
0.2472597644,2.507678195,-0.01041261505,[Horizons] SMALL BODY #C(500@10)_T(347 Pariana (A892 WD)) (1/1),SMALL,0
2.956074918,-0.4676158849,-0.5085404011,[Horizons] SMALL BODY #C(500@10)_T(348 May (A892 WE)) (1/1),SMALL,0
-1.387041909,2.421376158,0.2007920047,[Horizons] SMALL BODY #C(500@10)_T(346 Hermentaria (A892 WC)) (1/1),SMALL,0
1.919017392,0.3034945545,-0.05465751799,[Horizons] SMALL BODY #C(500@10)_T(343 Ostara (A892 VA)) (1/1),SMALL,0
1.813794926,-0.1258080331,-0.09825343178,[Horizons] SMALL BODY #C(500@10)_T(341 California (A892 SE)) (1/1),SMALL,0
2.571217055,-0.4885752792,0.3020383593,[Horizons] SMALL BODY #C(500@10)_T(342 Endymion (A892 UA)) (1/1),SMALL,0
2.55892256,-0.8497961649,-0.1565980254,[Horizons] SMALL BODY #C(500@10)_T(340 Eduarda (A892 SD)) (1/1),SMALL,0
-1.368888246,-2.225436058,-0.320891939,[Horizons] SMALL BODY #C(500@10)_T(337 Devosa (A892 SB)) (1/1),SMALL,0
-1.851954464,2.637059697,-0.4233637909,[Horizons] SMALL BODY #C(500@10)_T(339 Dorothea (A892 SC)) (1/1),SMALL,0
-1.69552537,-1.241606891,-0.06712237984,[Horizons] SMALL BODY #C(500@10)_T(336 Lacadiera (A892 SA)) (1/1),SMALL,0
-1.944277734,-1.225700869,0.1840746633,[Horizons] SMALL BODY #C(500@10)_T(335 Roberta (A892 RB)) (1/1),SMALL,0
-2.234675331,-1.943864429,-0.2876659253,[Horizons] SMALL BODY #C(500@10)_T(338 Budrosa (A892 SF)) (1/1),SMALL,0
-3.890223629,-0.1092536425,0.2471791569,[Horizons] SMALL BODY #C(500@10)_T(334 Chicago (A892 QB)) (1/1),SMALL,0
1.502267342,-2.38451012,-0.2931611057,[Horizons] SMALL BODY #C(500@10)_T(331 Etheridgea) (1/1),SMALL,0
2.64752395,-0.1118765015,0.01332851926,[Horizons] SMALL BODY #C(500@10)_T(333 Badenia (A892 QA)) (1/1),SMALL,0
1.255520217,2.467321447,0.07180853219,[Horizons] SMALL BODY #C(500@10)_T(332 Siri) (1/1),SMALL,0
-2.447647938,-1.855471293,0.3584192159,[Horizons] SMALL BODY #C(500@10)_T(330 Adalberta (A910 CB)) (1/1),SMALL,0
1.459252051,2.4216133,0.3187702498,[Horizons] SMALL BODY #C(500@10)_T(327 Columbia) (1/1),SMALL,0
-0.5038304348,2.372490546,-0.6707696814,[Horizons] SMALL BODY #C(500@10)_T(329 Svea) (1/1),SMALL,0
0.5498064225,-3.274312218,-0.9136693688,[Horizons] SMALL BODY #C(500@10)_T(328 Gudrun) (1/1),SMALL,0
0.1958350522,-1.735949365,-0.691505556,[Horizons] SMALL BODY #C(500@10)_T(326 Tamara) (1/1),SMALL,0
0.3308512022,2.730435159,0.08454321177,[Horizons] SMALL BODY #C(500@10)_T(321 Florentina) (1/1),SMALL,0
-2.173690959,-2.367892608,-0.1916283091,[Horizons] SMALL BODY #C(500@10)_T(322 Phaeo) (1/1),SMALL,0
-0.6501756596,-3.555490289,-0.540454833,[Horizons] SMALL BODY #C(500@10)_T(325 Heidelberga) (1/1),SMALL,0
-3.384498463,0.6560274465,-0.2444268214,[Horizons] SMALL BODY #C(500@10)_T(324 Bamberga) (1/1),SMALL,0
1.452267547,-1.097708307,-0.5860536151,[Horizons] SMALL BODY #C(500@10)_T(323 Brucia) (1/1),SMALL,0
-3.434164145,-2.15600446,0.3454296307,[Horizons] SMALL BODY #C(500@10)_T(319 Leona) (1/1),SMALL,0
-3.254724494,-0.8034151203,-0.2432105981,[Horizons] SMALL BODY #C(500@10)_T(320 Katharina) (1/1),SMALL,0
-1.318024951,-3.348581329,0.1209495205,[Horizons] SMALL BODY #C(500@10)_T(316 Goberta) (1/1),SMALL,0
-0.905307556,2.750515524,-0.4366341201,[Horizons] SMALL BODY #C(500@10)_T(318 Magdalena) (1/1),SMALL,0
2.093279702,0.2925910848,-0.0388552377,[Horizons] SMALL BODY #C(500@10)_T(317 Roxane) (1/1),SMALL,0
0.5212403039,2.194934807,-0.09531387741,[Horizons] SMALL BODY #C(500@10)_T(315 Constantia) (1/1),SMALL,0
2.637367622,-0.5532957124,0.08146493406,[Horizons] SMALL BODY #C(500@10)_T(313 Chaldaea) (1/1),SMALL,0
2.022699295,-1.80165648,0.3156699722,[Horizons] SMALL BODY #C(500@10)_T(314 Rosalia) (1/1),SMALL,0